{"weights_input_hidden": [[10.716694312031349, 6.033903144892558, -1.402864760973889, -3.525044974402856, -4.648188534983156], [-53.28531322393847, -29.30313082706769, -2.181640879163607, 8.376329944249578, -13.802964692671246], [-0.06133496252305838, -0.23041894333619503, -57.95989088001996, -63.9346668417435, -48.16941842818433], [20.112441968507696, 9.684037987520371, -5.072585084886406, -5.414249124652539, 8.279858630234996]], "weights_hidden_output": [[-5.744976597863877, 25.586360819204707, -23.49161970820597], [24.936424022694645, -15.47777427134246, 6.168047446007949], [-28.396421122725197, 21.12162830534849, -7.252462677606632], [-5.76297439396176, -38.93482822977285, 22.82839196976878], [-20.553852143839354, 31.150268891305384, -17.881973776001203]], "bias_hidden": [21.54361753905776, 2.414503526777332, 9.349438799052724, 4.642069361598031, -2.618579196961835], "bias_output": [-9.989334432519584, -15.907482244927742, 14.11869113997991]}