{"w_ih": [[0.6081491520318935, 0.44829607530193955, -0.4928605533661201, 0.6911185167147863, -0.2501387857463204, 0.1691989655325084], [-2.4975495948443363, 9.500402077689849, -0.17969066745100132, 10.365648501697114, 45.2199660777664, -15.796597281565052], [4.854734246107925, 1.092224015481936, 0.47157081354124103, 4.446360678671368, 1.2191550882457884, 3.4326246566267713], [0.5851143464963883, 0.42041405375978697, -0.36282344536226124, 0.5263939936160645, 0.4611015003212186, 0.01671992035198505], [1.4339425666345826, 0.7861612523796695, -0.5396405642959027, 1.1883953778239844, 0.15902130007574924, 0.16275621380955999], [1.3541524474654656, -17.938878542616923, 108.94880227954529, -1.391815977470795, 137.79354934811954, 19.07074519249586]], "w_ho": [12.014522435375763, 6.792573472962969, 6.569628061660533, 13.992788865375564, 10.983064751147003, 6.707376685590999], "b_h": [-4.232616102564052, 4.496941495990654, -32.39472168028349, -11.122446042141773, -141.77110073752013, -2.33929685035392], "b_o": -5.352017614848213}