{"w_ih": [[-0.2465831029310302, -6.907363305886415, 7.637285952204239, -12.494721686695938, 1.011728188057835, -5.922952324777772, -1.532822682367666, 10.24796673862342, -0.5036961700218023, 17.420683335601694], [-1.5497136140392946, 0.4982214415751876, -0.2112351692425368, 0.3453222722101427, -1.0661252687221654, -0.7897223494304662, -0.8481950146238801, 0.22852653048499372, 0.4501400794285264, -0.5953634460646768], [2.1614940148658213, -12.314654060951861, -3.830518557924389, -19.958408502131043, 18.11539378081201, -1.6467483878943925, -14.766640819556315, -1.4009131565854271, 0.2917737129376937, -1.1197907330548413], [0.21822531737457493, -0.6073142674795791, -0.9278145069276059, -1.403983873864311, -0.22282408514921628, 0.033602506706050694, -0.7554697537321458, -1.6182607678927516, -42.48693900854174, -0.7203567233357072], [3.0237004857060623, 5.284468535109328, 3.901198742231624, 8.191089839318867, -4.495977014519824, 2.325519263769849, 3.1099148943979418, -5.699082247769771, 0.07609567554070396, 3.751360029665584], [-1.3950727685447137, -3.25024547033468, 3.8874633913021674, -4.886700207006968, 1.7176767183275456, -2.418269659987689, 2.464128065866387, 8.370052306024608, -0.8176416474971647, 7.4991408985046], [5.675507440422352, 35.08657777486473, 9.212883445238745, -18.986242467071722, 1.6358906747006052, -1.121730096705858, 5.10659388261018, 14.791574475441909, 0.35070747791334583, 6.300656015316653], [-3.8886926718764214, 1.0199246829145727, -8.785904376091922, 0.1599791537698151, -0.6327076404079696, -2.1825370568162383, -2.7418731747540983, 10.021465745662281, -1.0079367017853647, -6.669808949383908]], "w_ho": [[3.3129722414651663, 13.43089050023268, -14.654574966453419], [-14.572566302044976, -26.131939708055096, 28.591711189339286], [0.41454046677955464, 9.871155777506008, -10.72747951834577], [13.80185850633593, -28.97414290924563, -9.020433433709272], [-10.77726175080648, -19.227079877508288, 21.00393287645376], [13.692885123510722, 15.370722799511665, -16.957607487768367], [11.622807314806186, 12.802635294065523, -14.022781713348014], [-13.722511231235115, 23.164033085233015, -7.332299267709794], [11.052129522797843, 23.830376329078415, -26.12291642103253], [-4.423671300710623, -16.493240168933333, 17.993836097552045]], "b_h": [-4.1919015389728305, 1.0749914268268959, 0.22878609851589835, 3.65298220810087, -1.7400993258091604, 6.50029424313703, -1.598997508152752, 2.84269917802686, 3.000725688185468, -9.303191728549985], "b_o": [4.6042300294787415, -7.4528031777321555, -9.773079519704249]}